[
	{
		"constant": true,
		"inputs": [],
		"name": "contractNameHash",
		"outputs": [
			{
				"name": "",
				"type": "bytes32"
			}
		],
		"payable": false,
		"stateMutability": "view",
		"type": "function"
	},
	{
		"constant": true,
		"inputs": [],
		"name": "contractName",
		"outputs": [
			{
				"name": "",
				"type": "string"
			}
		],
		"payable": false,
		"stateMutability": "view",
		"type": "function"
	},
	{
		"constant": true,
		"inputs": [],
		"name": "contractVersion",
		"outputs": [
			{
				"name": "",
				"type": "uint256"
			}
		],
		"payable": false,
		"stateMutability": "view",
		"type": "function"
	},
	{
		"constant": true,
		"inputs": [
			{
				"name": "sender",
				"type": "address"
			},
			{
				"name": "to",
				"type": "address"
			},
			{
				"name": "value",
				"type": "uint256"
			},
			{
				"name": "gasPrice",
				"type": "uint256"
			},
			{
				"name": "data",
				"type": "bytes"
			}
		],
		"name": "allowedTxTypes",
		"outputs": [
			{
				"name": "",
				"type": "uint32"
			},
			{
				"name": "",
				"type": "bool"
			}
		],
		"payable": false,
		"stateMutability": "view",
		"type": "function"
	}
]
